distance_meters,duration_seconds,effort_type,effort_value,intensity_zone,interval_rest_seconds,intervals,set_type,source_id,target_calories,tempo,work_seconds
,,RIR,3.0,,,,,827be324-d9b6-467a-99a0-27c60f927cde,,,
,,RIR,3.0,,,,,504272f8-80be-4ae0-89a1-0de8b0ef61b2,,,
,,RIR,2.0,,,,,2758c3d1-45e0-4ceb-ad42-b3f8383317b3,,,
,,RIR,2.0,,,,,b59c8024-d375-4f46-adaf-165bb215dd5b,,,
,,RIR,3.0,,,,,69640a60-7554-42f4-827a-4ae2aeaf76e0,,,
,,RIR,3.0,,,,,93e4bf46-cca7-4bf1-9d88-b14417efe406,,,
,,RIR,3.0,,,,,15c4bafe-c96a-4f97-91cb-e96b7075d8e4,,,
,,RIR,3.0,,,,,22bf015b-b238-4d76-bbf1-913d9d5aca68,,,
,,RIR,3.0,,,,,486ec97e-46d3-4c22-b4f0-b964707b4514,,,
,,RIR,3.0,,,,,8186bc21-de91-46ac-b179-1eefa79aff61,,,
,,RIR,2.0,,,,,d053d9a9-b67e-420b-bbab-ddfcee7f35f2,,,
,,RIR,2.0,,,,,d9f79424-4755-4c14-a9bf-d29853c00ae9,,,
,,RIR,3.0,,,,,199804a6-9c0f-440c-a9c1-f32bef635be8,,,
,,RIR,3.0,,,,,ede9afd9-6910-4445-914a-408d24ae5648,,,
,,RIR,3.0,,,,straight,6508cb6d-54f7-43b9-ac76-c81a95e7321f,,standard,
,,RIR,3.0,,,,,fdd9f7b3-f77d-4ef8-8518-f52326ca5aaa,,,
,,RIR,3.0,,,,,f03f34f8-4884-43e6-89d9-dbc9f8299836,,,
,,RIR,3.0,,,,,f73bb029-b02a-4b76-b3a8-2ec6d9ea0c71,,,
,,RIR,3.0,,,,straight,b04eb2a7-b4d7-4858-a9f2-4eed37c1091c,,standard,
,,RIR,3.0,,,,,399b5de8-65ae-4351-bc86-8c80d7df887c,,,
,,RIR,2.0,,,,,e4a5abbe-3f57-4dc8-a2e8-c49ea7e52f3a,,,
,,RIR,2.0,,,,,fb06cc62-7dc1-4a3b-ac04-fbe5ce90106a,,,
,,RIR,2.0,,,,,46235883-25df-4bf5-8ad3-0917db296d6f,,,
,,RIR,2.0,,,,,9e3cc58c-3205-4507-964b-8d88c0133514,,,
,,RIR,2.0,,,,,a97e41fe-ffd7-4f13-b90b-5bf49b94a590,,,
,,RIR,3.0,,,,,6c619b2e-df0b-4a42-a5ab-2412bd9a6018,,,
,,RIR,3.0,,,,,c2f74608-f52c-437c-bb5f-cd528ebee8cd,,,
,,RIR,2.0,,,,straight,8df310c5-b4c0-473e-a95b-1a0fef40f303,,standard,
,,RIR,3.0,,,,,2d8c6528-9b95-46c9-8380-b4026ef9227a,,,
,,RIR,2.0,,,,,a824a1c4-581d-4439-b375-81bd4db8b12f,,,
,,RIR,2.0,,,,,16da441e-1b72-4940-9441-203178a42891,,,
,,RIR,2.0,,,,,7b360246-e137-4f87-9613-be330b99c60a,,,
,,RIR,2.0,,,,,e11ccf09-8527-4013-a27c-d170f3067a6a,,,
,,RIR,2.0,,,,,85a5b54d-ccef-4fe3-bc37-5cc249299720,,,
,,RIR,2.0,,,,,7d4feedf-033d-472f-b2c9-3c00f12449dc,,,
,,RIR,2.0,,,,,682d9904-9835-49da-b95a-f16e3e326d4e,,,
,,RIR,2.0,,,,,5dbb1f39-6390-4187-99dd-90e1d96f47f4,,,
,,RIR,1.0,,,,,adda031d-e946-472d-9115-f53a937732bc,,,
,,RIR,1.0,,,,,49389fe4-6485-439f-a396-f8556ddfacba,,,
,,RIR,1.0,,,,,4c56773c-237e-43f4-93c8-df244cff8053,,,
,,RIR,1.0,,,,,e23eaf92-dea8-4fb9-b10d-1532b6caff98,,,
,,RIR,1.0,,,,,3e110723-9d12-4b63-a841-ca98b6653fa7,,,
,,RIR,1.0,,,,,8d2fb2cb-8254-4972-8274-a3c5b6a7a671,,,
,,RIR,1.0,,,,,4bb732e2-f07f-4be6-ae24-42943fd433e3,,,
,,RIR,1.0,,,,,00df0b92-7e12-406d-90d9-bf9a8306c240,,,
,,RIR,1.0,,,,,f1dfdd45-bd60-453e-b898-1456f365060b,,,
,,RIR,1.0,,,,,27c50814-3b10-469b-b60b-2b52521b4eda,,,
,,RIR,1.0,,,,,19fea6d5-1bc9-4bf5-8a42-8b04b2c80965,,,
,,RIR,1.0,,,,,47453fe0-815b-4590-a5a9-51d676136189,,,
,,RIR,1.0,,,,,ec1f2e9a-3ae4-40cb-b0a1-bf8b3fb697e5,,,
,,RIR,1.0,,,,,df5b9fc1-b6b3-4ad7-a2d7-1281509e9f7d,,,
,,RIR,1.0,,,,,f79613b9-c4a0-443b-89eb-c2e194ce31d4,,,
,,RIR,1.0,,,,,a484fa54-8be9-4885-822c-2b86c8350114,,,
,,RIR,1.0,,,,,42020e3b-984b-4b23-9330-a078fc008cf1,,,
,,RIR,1.0,,,,,66da3619-0a24-4b58-9133-dc782e7ee976,,,
,,RIR,1.0,,,,,2010e4e8-99ec-4c59-8fba-038a7edcc138,,,
,,RIR,1.0,,,,,c752f882-a301-44d4-b3a6-e52e9663ffef,,,
,,RIR,2.0,,,,,0652b3b3-f6e6-4eb3-beab-8151098a390b,,,
,,RIR,2.0,,,,,2fa82bde-08b1-4c76-b00c-5f61457d3477,,,
,,RIR,2.0,,,,,6ce511d0-9c77-47f9-be31-1f6d56fb992f,,,
,,RIR,2.0,,,,,e3fdb318-76b8-41ab-b6c5-03cc9a7521c8,,,
,,RIR,2.0,,,,,5ae2755d-4b44-4455-b544-6c69cf2cd044,,,
,,RIR,2.0,,,,,6d630a81-4df4-4b16-b251-0283d425356d,,,
,,RIR,1.0,,,,,6a08dcd1-10e4-4e11-9037-8fecc264ae4d,,,
,,RIR,1.0,,,,,5113ecfc-9bf0-44ea-9420-ce2dc235e122,,,
,,RIR,1.0,,,,,f9370af4-49a4-4beb-9c7d-2e1f350f3541,,,
,,RIR,1.0,,,,,6a7e3702-6bd7-4d0d-b39f-dd3baf0c5496,,,
,,RIR,1.0,,,,,fcba6ae7-72b0-46a7-8613-7a8a14a1887a,,,
,,RIR,1.0,,,,,63434447-9239-47ca-a9bb-d9614dbb7fe1,,,
,,RIR,1.0,,,,,6950bdcb-a57f-4a65-bf12-9f4f484745fa,,,
,,RIR,1.0,,,,,039b28fd-b343-4fc3-93fa-67e64fb9cf83,,,
,,RIR,1.0,,,,,869895e3-5a2c-4178-acc6-ada48c7ea215,,,
,,RIR,1.0,,,,,e7e62537-09c4-43f9-894b-076bb9730aeb,,,
,,RIR,4.0,,,,,53e328a3-8d07-4aa2-8dd2-e869828ed23d,,,
,,RIR,4.0,,,,,9782179a-139e-4890-b4fa-be7e6cfdf327,,,
,,RIR,4.0,,,,,e4223737-5d2e-497c-a9a4-46f4b7989fe5,,,
,,RIR,4.0,,,,,5e30d921-31d7-46ce-a84d-8f8b386b215c,,,
,,RIR,4.0,,,,,1bdc0cec-c0ea-482e-a10c-5d3f22b42012,,,
,,RIR,4.0,,,,,560a94b9-09ab-4f72-839c-08ca3d0b86da,,,
,,RIR,4.0,,,,,3ac1935b-b634-4ce8-86a3-945da44775f6,,,
,,RIR,4.0,,,,,b19c4753-808d-4e58-b80d-d63685a9578e,,,
,,RIR,4.0,,,,,6b518d40-08c0-4716-8eb8-2090ba6cebc8,,,
,,RIR,4.0,,,,,b6a6a0f1-819a-4c3a-9ae7-add90eddf91d,,,
,,RIR,4.0,,,,,57fb7a4f-065f-4db5-80d8-bcda4495003a,,,
,,RIR,4.0,,,,,a5fc02a7-fe9e-4034-b405-02a1c4f47a57,,,
,,RIR,4.0,,,,,2fdd5c15-9046-4ccc-b7f5-969e625c9152,,,
,,RIR,4.0,,,,,673935e7-05a2-4b2c-8dda-68c543df11a2,,,
,,RIR,4.0,,,,,e4b4953c-e683-4a6c-9742-aaa8b7f20306,,,
,,RIR,4.0,,,,,6529dd55-4b89-4fa4-bbe3-21bcc8425b8a,,,
,,RIR,4.0,,,,,09334424-4413-47f5-b5c4-c1ea9b16a838,,,
,,RIR,4.0,,,,,2d97a100-7dd4-4f6a-a75e-8fb1e5c57560,,,
,,RIR,4.0,,,,,390c7372-b290-41ad-89c6-1c87789e0416,,,
,,RIR,4.0,,,,,6c59be76-55b4-4894-a890-c65b3bf7275a,,,
,,RIR,4.0,,,,,f137e812-c449-4a69-b01d-7949772b056b,,,
,,RIR,4.0,,,,,72478ab1-41ac-449e-8a87-8857d1626039,,,
,,RIR,4.0,,,,,cb1d3690-7e38-48fa-a95b-39b35f357d01,,,
,,RIR,4.0,,,,,491a8e21-5ada-4602-8426-8f49775a43af,,,
,,RIR,4.0,,,,,2397181f-ab6c-4f59-8f16-5318fe445130,,,
,,RIR,4.0,,,,,c3bf4bcb-3ffb-4a70-ac40-b040fa036bf8,,,
,,RIR,4.0,,,,,bce0d3e5-f960-4ff6-9db4-6c0d29c6ac06,,,
,,RIR,4.0,,,,,89191356-e921-481a-85f2-42b46f3a1013,,,
,,RIR,4.0,,,,,cc1438c5-fbe1-4ad2-9273-6fa8a69dcd19,,,
,,RIR,4.0,,,,,33b20ae0-a0e6-4fe0-bf4a-be89773edc25,,,
,,RIR,3.0,,,,,09cf2928-c005-4296-a343-d3ec63e651c5,,,
,,RIR,3.0,,,,,69f3bb57-960f-418d-86d4-89ddcce6c333,,,
,,RIR,3.0,,,,,9ce5f839-53b6-4df8-a789-a3cb75401253,,,
,,RIR,3.0,,,,,250a1490-f91c-4e08-85a0-0622f9e0f722,,,
,,RIR,3.0,,,,,7d3212cf-a993-461a-ac8c-186785621093,,,
,,RIR,3.0,,,,,7cd0c0fb-3a21-4adf-8c36-ec2a1b3cc73b,,,
,,RIR,3.0,,,,,f53d397d-1418-4492-acde-2a56bd157a68,,,
,,RIR,3.0,,,,,5caac705-1b21-4e7d-b5cb-74972e175b4f,,,
,,RIR,3.0,,,,,1c80e583-37e7-477a-b673-b6d90c780ca4,,,
,,RIR,3.0,,,,,556a6a22-9153-45d1-9dc8-2f6e8a5421f7,,,
,,RIR,3.0,,,,,6722854c-62b0-4db3-b032-015d209c0f17,,,
,,RIR,3.0,,,,,9326cecc-cf64-4f9e-9657-32a70dd4cb51,,,
,,RIR,3.0,,,,,8ea1940a-bfb5-4cbb-9c6e-d276a7283e27,,,
,,RIR,3.0,,,,,c719df6e-dbe3-4188-b0c2-8ce5b1546296,,,
,,RIR,3.0,,,,,eb5cbcfd-4a6a-44d4-bb32-d41411726b63,,,
,,RIR,3.0,,,,,39e21987-91f9-4e9f-9698-1f31d8df1b59,,,
,,RIR,3.0,,,,,a1315ff3-5b9a-4bda-b034-37fe4caa3693,,,
,,RIR,3.0,,,,,2e769621-ecda-4248-ad13-5eaff3788679,,,
,,RIR,3.0,,,,,967a5ca1-d6e4-4fb2-9e36-c997296225d6,,,
,,RIR,3.0,,,,,1207fdf7-1799-4315-8d8b-0d1ea533d1dd,,,
,,RIR,3.0,,,,,7edd0d4b-f760-45f3-924d-afa6b7be3a5b,,,
,,RIR,3.0,,,,,d84b556e-d05d-4734-8ccc-9f9b529faee0,,,
,,RIR,3.0,,,,,cf388006-3b76-4acb-838e-3fe20767dcf8,,,
,,RIR,3.0,,,,,22830cb0-5d30-4da5-a451-f6ad3266e783,,,
,,RIR,3.0,,,,,62dbd4fe-998b-4796-8c65-7d269f4814c4,,,
,,RIR,3.0,,,,,216f0c84-8090-4319-b5b5-f96e86e2cbaf,,,
,,RIR,3.0,,,,,5d79c4aa-d782-49fa-91b0-c0d01d3d453f,,,
,,RIR,3.0,,,,,d8d91a7f-56af-4c4e-99d4-593a0d917069,,,
,,RIR,3.0,,,,,7cf4c2be-fd21-487e-88c8-891d35943352,,,
,,RIR,3.0,,,,,36348a2c-7f9c-4b71-8efe-549b307b71df,,,
,,RIR,2.0,,,,,7fe0a99d-e06e-4e0a-a38e-489974a1e5c8,,,
,,RIR,2.0,,,,,25409a3f-7764-4062-99b5-3f198c67fd8e,,,
,,RIR,2.0,,,,,42854e98-c823-44bb-b0da-55ed8af3cf6e,,,
,,RIR,2.0,,,,,d49e8745-c133-4487-80ff-47f368d06076,,,
,,RIR,2.0,,,,,09a48b03-f498-4294-a640-7779460f3bb1,,,
,,RIR,2.0,,,,,9e7f13c9-3d8f-43cd-b857-eb0e55390367,,,
,,RIR,2.0,,,,,1d506329-5d07-4334-aa57-228829eb1dd4,,,
,,RIR,2.0,,,,,4636acd2-9a58-462e-a6f7-b0bad5bec900,,,
,,RIR,2.0,,,,,8ce80ae5-f50e-4bba-b1c7-e260ba96345c,,,
,,RIR,2.0,,,,,8bb7f946-0396-4095-a7a8-c0de1ebb3080,,,
,,RIR,2.0,,,,,76710c90-bedc-4782-b5ed-41f85346ef89,,,
,,RIR,2.0,,,,,e16ab7ad-e117-43bc-afc6-836311aadbe1,,,
,,RIR,2.0,,,,,34ae674c-fbba-42e4-9e5f-f806b3e350b6,,,
,,RIR,2.0,,,,,f2f6b455-b2b2-4e59-94cb-234558d4fa1a,,,
,,RIR,2.0,,,,,b0f015d7-1bf3-42cc-9018-f6ce5e65089b,,,
,,RIR,2.0,,,,,365492e0-0545-4886-b6d9-bcc9d831774d,,,
,,RIR,2.0,,,,,8d112015-3e1d-4f31-b396-c776ceace514,,,
,,RIR,2.0,,,,,852035a4-a30b-4963-a63c-22ad0dadc21d,,,
,,RIR,2.0,,,,,c311fc05-f76e-4c90-862f-491ebafc7857,,,
,,RIR,2.0,,,,,a12bc364-3a46-4c8e-b6a7-99d5f8ddead3,,,
,,RIR,2.0,,,,,909ccd09-46d8-4f23-a46c-05cb5c4fc977,,,
,,RIR,2.0,,,,,69873d5e-b49c-4cef-90a7-b330ebbbeb32,,,
,,RIR,2.0,,,,,ac3cf22b-972f-4720-981d-703949125081,,,
,,RIR,2.0,,,,,b3e3a8bd-b9bd-4ce4-a983-40f802a35859,,,
,,RIR,2.0,,,,,c6c6d9aa-441d-49e2-9e50-b6b5456e54d1,,,
,,RIR,2.0,,,,,a7e2ae88-9ae9-4d28-8f9b-fe0d865a22e0,,,
,,RIR,2.0,,,,,e4dc65b4-b135-4b22-9b0e-e81765bbb7c8,,,
,,RIR,2.0,,,,,6d923796-a4d1-4bfe-958e-1c5421168b33,,,
,,RIR,2.0,,,,,f2f74270-3ab8-44aa-869a-8d2734357ffb,,,
,,RIR,2.0,,,,,516030e5-c7ec-44a2-aafe-40aac6e8c7b4,,,
,,RIR,1.0,,,,,1a233e62-4339-4b70-8949-cdc4c29b0733,,,
,,RIR,1.0,,,,,e3300666-6ff8-4548-9cfb-5e8d828085d1,,,
,,RIR,1.0,,,,,80ecd7f5-43cf-4a56-ab88-2b175c6fa9fe,,,
,,RIR,1.0,,,,,cb4cb830-aede-4781-9eb8-45760bdf89b1,,,
,,RIR,1.0,,,,,e6c78438-2b3a-4879-885f-4ebc557005c3,,,
,,RIR,1.0,,,,,133e868d-bf54-44ef-b527-6839df6ca432,,,
,,RIR,1.0,,,,,0b4b6a2d-3347-4bb0-bc8c-46d8a32c86e2,,,
,,RIR,1.0,,,,,a1819a50-43ee-4af2-92b3-66cf265b2eea,,,
,,RIR,1.0,,,,,fbfa38dc-0c53-46fb-89c7-dbacaa31bdd1,,,
,,RIR,1.0,,,,,6a1608fd-f1ef-46b9-824f-403109bea5cf,,,
,,RIR,1.0,,,,,7e372b6e-5a22-4998-9cfd-28707310e40b,,,
,,RIR,1.0,,,,,b8a201b5-fe97-4e5b-9f01-5f4269cc5d0d,,,
,,RIR,1.0,,,,,e3076c98-9c32-4fd7-8ace-e39f4618cb7e,,,
,,RIR,1.0,,,,,9c7fe09c-ff7c-4bc2-b9ab-477f4e8c1daf,,,
,,RIR,1.0,,,,,275920ff-51a2-48e5-a0cd-d14b229c0e0f,,,
,,RIR,1.0,,,,,f13b3c49-9729-4553-8603-00f31ce1e67b,,,
,,RIR,1.0,,,,,d1b3068e-4ce4-4b50-b0ce-d731b5cb07a0,,,
,,RIR,1.0,,,,,65778636-a9ad-4779-9b23-f50b9e7e38cf,,,
,,RIR,1.0,,,,,cb3a1743-5b9e-4501-98b5-fada866074c1,,,
,,RIR,1.0,,,,,a5bfaddb-0b9a-49e1-a033-09994307ca88,,,
,,RIR,1.0,,,,,538449bc-43a9-44e7-beb4-b7e55601140b,,,
,,RIR,1.0,,,,,63fbc194-fa73-4629-8da9-5308ba0b8463,,,
,,RIR,1.0,,,,,929fac5c-198d-4358-bb15-6006b8bffea6,,,
,,RIR,1.0,,,,,82bda61d-894a-492b-a63d-2dea58d2024c,,,
,,RIR,1.0,,,,,50cd79d4-b57c-4b1c-9aa0-af0ff23af762,,,
,,RIR,1.0,,,,,8918a859-c5d7-442c-9aa2-ccbc677c1c0a,,,
,,RIR,1.0,,,,,414795ea-e2ef-4c0f-b52b-7ddd399c44de,,,
,,RIR,1.0,,,,,473b81e1-1377-4159-9a01-ebe89044e6b4,,,
,,RIR,1.0,,,,,2182394b-8bdf-4492-93b3-9f232beddc1b,,,
,,RIR,1.0,,,,,89f59571-67ec-46c0-82b1-9b63f75b376a,,,
,,RIR,4.0,,,,,efcd8cbf-4be3-4f21-b27c-3768dff91592,,,
,,RIR,4.0,,,,,a00eed33-eae3-4c95-96a1-8a396270c0fe,,,
,,RIR,4.0,,,,,ad33d5b8-37ed-48a6-8d76-64a97eff5c0a,,,
,,RIR,4.0,,,,,448a9651-3558-4a04-9d2a-b56d8c7a26b8,,,
,,RIR,4.0,,,,,ebb8e9ff-413e-4c30-98c7-111028a56fcb,,,
,,RIR,4.0,,,,,8c745a0d-c750-4ed4-89dc-2ef5c05ed252,,,
,,RIR,4.0,,,,,fd16ff37-d02e-46b0-a1d2-5b6ac842c0ac,,,
,,RIR,4.0,,,,,e8925a71-1b21-4c14-9ab4-b8cec351f4d0,,,
,,RIR,4.0,,,,,e3ad510e-ab5b-438e-b8bf-45713c676cd1,,,
,,RIR,4.0,,,,,840940cf-e753-475d-8275-865cb676fddc,,,
,,RIR,4.0,,,,,59978177-fae4-4bae-8873-d482c055c010,,,
,,RIR,4.0,,,,,f564733e-3b4b-45af-af4d-f05e49e22f22,,,
,,RIR,4.0,,,,,5484a82e-4d9d-46aa-9f5f-7f1a70e82251,,,
,,RIR,4.0,,,,,24e0ca41-4fb8-4441-8d9f-7ed10960aefc,,,
,,RIR,4.0,,,,,210fb9ca-377a-48cb-b673-9a4a2ff0417e,,,
,,RIR,4.0,,,,,30cd7901-c541-4f85-804d-038acba06fc4,,,
,,RIR,4.0,,,,,eb359de4-4f48-4c8e-8bd7-28699d1fa120,,,
,,RIR,4.0,,,,,4beee1e7-f1f6-417c-aa43-79dcde8024cb,,,
,,RIR,4.0,,,,,64754311-2bad-41e1-ae49-7cd98657867f,,,
,,RIR,4.0,,,,,564fa29b-38f2-4740-9433-6323d62a27d7,,,
,,RIR,4.0,,,,,641060d3-d6fd-4c12-bebc-efc6d0313c11,,,
,,RIR,4.0,,,,,b4bdff6d-b2fe-4ed0-8af7-d69c115c6dba,,,
,,RIR,4.0,,,,,44edde9a-8b7f-4fca-965f-e081795a5b9f,,,
,,RIR,4.0,,,,,657bd02c-1c9f-42c0-bce3-212fbf4d47d1,,,
,,RIR,4.0,,,,,9e0f33b3-85e9-4aac-b8a4-1db69ec34523,,,
,,RIR,4.0,,,,,f44c6558-0519-4cbf-9845-fdab01ff293a,,,
,,RIR,4.0,,,,,34bb479b-735b-455f-b09f-1c7ae4543d26,,,
,,RIR,4.0,,,,,4b216495-0eea-42a3-8f43-56a0057a5545,,,
,,RIR,4.0,,,,,138f6073-beb8-43db-aba0-98abeac60ebf,,,
,,RIR,4.0,,,,,06509f75-b0c8-4227-b580-d9b530dabf6b,,,
,,RIR,5.0,,,,,2b46f034-dae4-4443-88aa-fc6a6e5d5b7e,,,
,,RIR,5.0,,,,,934295cc-3b19-4a73-96c4-8f9c015aee92,,,
,,RIR,5.0,,,,,a02a2978-d4b9-4d2f-9950-f8221263242d,,,
,,RIR,5.0,,,,,ab76308e-cf5c-46b0-b3de-2f1d866e5aed,,,
,,RIR,5.0,,,,,48e7cb05-8cc2-4e29-8809-0c082d02a445,,,
,,RIR,5.0,,,,,48baf5a1-59ac-4e4d-8a93-67e197926d62,,,
,,RIR,5.0,,,,,12896f9e-daf2-4385-8b32-4cb9f44ab593,,,
,,RIR,5.0,,,,,b4a3389a-1f7a-481e-83e8-3c1907ecbc96,,,
,,RIR,5.0,,,,,302e9642-8076-47a8-aed9-07f1b597c712,,,
,,RIR,5.0,,,,,9be51595-8ca1-4904-b444-f98cb53a0dfc,,,
,,RIR,5.0,,,,,d4b701a9-7a4c-4bd2-b39b-7298b3566a0c,,,
,,RIR,5.0,,,,,c21faf79-faa4-4368-87aa-2b91d5d24a87,,,
,,RIR,5.0,,,,,667124e2-e796-4206-88b5-7ae23c2e8824,,,
,,RIR,5.0,,,,,dd824777-3b15-4a69-864b-5342772481e3,,,
,,RIR,5.0,,,,,f7a2c22a-da24-4125-91ce-c9e2a93eee21,,,
,,RIR,5.0,,,,,e545c959-529c-4b78-a54a-0eee02b50f65,,,
,,RIR,5.0,,,,,4cfae30c-94db-4ee0-87d9-c517eab1ed73,,,
,,RIR,5.0,,,,,a3f7bc58-afc0-4160-a81c-854f61af9a0a,,,
,,RIR,5.0,,,,,8133b270-0787-417e-80d5-75939c4eb7b4,,,
,,RIR,5.0,,,,,1a34d685-4e6a-4131-bd85-36f571cc2a1d,,,
,,RIR,5.0,,,,,5f97b915-550a-462c-a617-fa52322e32bf,,,
,,RIR,5.0,,,,,be0d7306-a272-40ba-b3cb-94cf7da60254,,,
,,RIR,5.0,,,,,02418fb5-8ef9-4d13-b3ba-3db19c374b4b,,,
,,RIR,5.0,,,,,4bc11b16-0ad7-40d1-aec3-3874597c0a90,,,
,,RIR,5.0,,,,,64aedbc1-5f68-4efc-b783-ac223fdea3d5,,,
,,RIR,5.0,,,,,6ec3ab2d-7fdb-4142-a9d3-2ccaeae85415,,,
,,RIR,5.0,,,,,59964e57-a928-4b8f-9e41-2e8818d3ed62,,,
,,RIR,5.0,,,,,92a562b9-4a72-4767-bea0-167890728fd4,,,
,,RIR,5.0,,,,,5b39a8d5-a8c9-4609-9ef0-86de12646d5e,,,
,,RIR,5.0,,,,,e64b6f41-e01b-49c8-8867-ba6360734986,,,
,,RIR,5.0,,,,,05548fe6-679d-4a6c-a577-eb51a1f5cd4c,,,
,,RIR,5.0,,,,,9f7bf65c-f347-4913-9ab1-d775aef526c5,,,
,,RIR,5.0,,,,,fa11e201-662e-47f7-9494-bd600fcabccd,,,
,,RIR,5.0,,,,,3d21b614-20ee-4047-9bdc-e9d068b3cacb,,,
,,RIR,5.0,,,,,d6ee9838-89a5-4616-9574-6522c48e40ae,,,
,,RIR,5.0,,,,,f299fcfc-7bb5-48cb-b088-8662549176f5,,,
,,RIR,5.0,,,,,16bb83ec-64c1-4b5b-aa27-28cd9a25fe85,,,
,,RIR,5.0,,,,,532c1f93-c77c-4b3d-810d-9933a6a92445,,,
,,RIR,5.0,,,,,1632d3a5-8bff-4e40-9df4-57f742eeae66,,,
,,RIR,5.0,,,,,c5cfc818-8d71-46c2-be17-e96f17771ce9,,,
,,RIR,5.0,,,,,e903aff8-f804-4113-ac11-8c72049281df,,,
,,RIR,5.0,,,,,2cf148eb-3d9b-42ba-8945-4beb73a4e8fb,,,
,,RIR,5.0,,,,,7f44e455-469c-4e36-a423-111679f5b297,,,
,,RIR,5.0,,,,,6fbe9256-bab4-48c4-9ed5-74005fab8cfc,,,
,,RIR,5.0,,,,,86d91930-8ef9-405f-817c-7c54621e570e,,,
,,RIR,5.0,,,,,fea0da10-400a-4f38-9b8b-9e0c4f9f940a,,,
,,RIR,5.0,,,,,77656c2c-0d61-4316-9182-1bd7ea63d666,,,
,,RIR,5.0,,,,,87c8253c-417f-4ec1-b8d3-f73baf616470,,,
,,RIR,5.0,,,,,88bc4457-7d14-4e36-b248-c87155c19f78,,,
,,RIR,5.0,,,,,8856f782-a7cd-4267-9b61-95ae55e17933,,,
,,RIR,5.0,,,,,bdeda6bc-e334-4536-9c13-1500f46a42f0,,,
,,RIR,5.0,,,,,59f377ab-0e4e-4448-a015-04adac156409,,,
,,RIR,5.0,,,,,a98d5ab4-72aa-42d7-9b5a-b5d05ebf2ddc,,,
,,RIR,5.0,,,,,1574e7be-442e-4b54-9732-d4d32d1f6536,,,
,,RIR,5.0,,,,,7c643a70-95b7-4ca7-ae2d-92005f4510ad,,,
,,RIR,5.0,,,,,200c2a87-401e-43d6-ab5a-b4315a65a9c3,,,
,,RIR,5.0,,,,,d100b607-e8e7-41c8-afad-692fb9e43d66,,,
,,RIR,5.0,,,,,1515fee3-4f17-4ba4-991f-f41c89e8e509,,,
,,RIR,5.0,,,,,ae1948fb-41b5-4d4c-9560-d1613e470eba,,,
,,RIR,5.0,,,,,1c5cf15a-ce15-4cc2-b5a1-72651bbff789,,,
,,RIR,5.0,,,,,6caeabf7-bc2d-44a8-b927-4e65e7d87597,,,
,,RIR,5.0,,,,,862fc1aa-039f-4cfb-8132-560bd762eccf,,,
,,RIR,5.0,,,,,737dd118-5c1b-4590-98fb-2dd12c44c0e1,,,
,,RIR,5.0,,,,,70887f63-18fa-4d77-be21-9ac8b36695c1,,,
,,RIR,5.0,,,,,cfe7bb0b-f8ac-47e8-9bc5-a98d05df56f5,,,
,,RIR,5.0,,,,,bb16eec9-9500-4c47-bf5e-6ec9daa7e75a,,,
,,RIR,5.0,,,,,4cad918c-4c3f-44e9-b1a1-3964964f1e63,,,
,,RIR,5.0,,,,,2d3bd59e-867b-449a-ba59-46f15a12df28,,,
,,RIR,5.0,,,,,f98c2d9c-ee5e-498d-87df-ee37906b6612,,,
,,RIR,5.0,,,,,69bf3a17-61f2-4409-9c3d-382e7046a7a6,,,
,,RIR,5.0,,,,,af457977-e7c7-4dfc-a412-d027ab30a3c0,,,
,,RIR,5.0,,,,,5ce79cbc-964c-43cc-862b-2be6f4ce464b,,,
,,RIR,5.0,,,,,d6bfbae2-8d5e-457d-ac0b-0e4d2ee1161e,,,
,,RIR,5.0,,,,,fd52c20f-72c2-4bb1-a47e-6e9d88a961c5,,,
,,RIR,5.0,,,,,7a60db56-1102-4f3d-b667-5d20cb10f0dc,,,
,,RIR,5.0,,,,,42b1b247-e52e-4844-80d5-0a603bb81d30,,,
,,RIR,5.0,,,,,217a1a07-47d8-4758-95be-6b2d0dc2e2e5,,,
,,RIR,5.0,,,,,b36f337e-c918-4ddf-952e-fba0e985c151,,,
,,RIR,5.0,,,,,07e5c985-4c28-4b40-86a3-bd35280c3985,,,
,,RIR,5.0,,,,,76fbc66b-8aea-4e9d-8d96-a152a04eca31,,,
,,RIR,5.0,,,,,e719d9c3-0ed0-4ed5-b142-7b8641f58343,,,
,,RIR,5.0,,,,,ac5c8677-5646-4615-9c17-6601797d1a67,,,
,,RIR,5.0,,,,,fde075ac-bb6e-4b0a-9805-fba28821102c,,,
,,RIR,5.0,,,,,8caa23db-b33a-4e31-8c1d-baeff038c9e8,,,
,,RIR,5.0,,,,,c0d7ef9b-fe91-49ad-9796-b795b3e5e82e,,,
,,RIR,5.0,,,,,339adc91-9b1c-49b2-b657-d0d4ef3555f6,,,
,,RIR,5.0,,,,,c9313d12-c05c-43fc-aa5c-45e5c4fd4937,,,
,,RIR,5.0,,,,,a6c4e561-c6eb-474e-b9ef-8ee059748a2c,,,
,,RIR,5.0,,,,,b573b170-87fe-4c24-8ff9-c27ad1062cea,,,
,,RIR,5.0,,,,,fff3dc92-10ec-48b4-b90b-5b434b3f3aba,,,
,,RIR,5.0,,,,,d75ced27-385d-4aff-a0d8-b4fb1f6d6d8f,,,
,,RIR,5.0,,,,,b2a08b85-eb4e-4c38-a4a4-fc489080d6b9,,,
,,RIR,5.0,,,,,f68a8498-520a-4b8f-b39c-53201e685bac,,,
,,RIR,5.0,,,,,ff904598-1e5e-4049-be51-857e2b970587,,,
,,RIR,5.0,,,,,1b66e9f7-cdd3-4009-8d8e-02cd56ca6749,,,
,,RIR,5.0,,,,,826f8634-7e2d-49de-a0bb-0433ca4692e3,,,
,,RIR,5.0,,,,,954eeb80-03fe-48fa-819e-476bed7ac6f6,,,
,,RIR,5.0,,,,,6fe5858f-5820-42d0-acf1-91e35dd44b3e,,,
,,RIR,5.0,,,,,24ae9bbd-5319-41c2-bc14-283ca03f01b5,,,
,,RIR,5.0,,,,,544af333-08ed-4264-b0c8-f86ad3809d75,,,
,,RIR,5.0,,,,,77b73746-0184-4575-9103-8a6270589c58,,,
,,RIR,5.0,,,,,51443bb9-655f-4f0e-9f7a-6403b48e76cd,,,
,,RIR,5.0,,,,,3f6b092f-5128-4c99-9308-732d91edf030,,,
,,RIR,5.0,,,,,794c2dbd-8b8f-42c1-a12e-f8e0b79822ac,,,
,,RIR,5.0,,,,,993fac10-e0ca-4cba-8718-28d4bc9f5397,,,
,,RIR,5.0,,,,,df6b044d-24bf-429d-8e2a-d8f9119b5c40,,,
,,RIR,5.0,,,,,71047dd4-1c7c-4d4b-8df9-6317a4477888,,,
,,RIR,5.0,,,,,2d75339d-d51f-4b5c-9fca-bcd17b5c6299,,,
,,RIR,5.0,,,,,364290fc-154f-4cb5-b305-373784916cc0,,,
,,RIR,5.0,,,,,6ebe547c-32e4-4224-a744-b355b95a92af,,,
,,RIR,5.0,,,,,6df8540d-18b3-4a87-8f75-aa0836189e0b,,,
,,RIR,5.0,,,,,71fc1b8e-388d-44ec-829c-f6effcb8f674,,,
,,RIR,5.0,,,,,b67ccc67-d870-4917-9957-60ff2c85284f,,,
,,RIR,5.0,,,,,e91b9fc2-6574-4a55-9347-9f9e5420f4b0,,,
,,RIR,5.0,,,,,9203b00e-d79c-4208-bb96-d01abb8e852a,,,
,,RIR,5.0,,,,,96c84841-50f1-4f5d-a524-b3f59fc847cc,,,
,,RIR,5.0,,,,,70fe2dee-c47a-4b66-ad05-cb356cb6d3fe,,,
,,RIR,5.0,,,,,c04cb326-9852-46ff-b65d-72f4350d89ce,,,
,,RIR,5.0,,,,,d35df644-11f6-47ae-b2d4-ddac68d992b4,,,
,,RIR,5.0,,,,,b749ad4b-5ba2-4892-a3d9-9fc24cb8d237,,,
,,RIR,5.0,,,,,a503eb77-311d-471d-aada-4bfcf1fd7b92,,,
,,RIR,5.0,,,,,6edb5b16-000b-4ab7-9d31-508fde515ae6,,,
,,RIR,5.0,,,,,b40c8574-14fe-41d0-aded-3850042889a6,,,
,,RIR,5.0,,,,,c2c8deca-0f23-4bb5-91ff-7ae22779397d,,,
,,RIR,2.0,,,,straight,3cf43c32-2ceb-47e9-86cd-065fa73e167a,,standard,
,,RIR,0.0,,,,straight,9cb9c7cb-475e-4e2d-85dd-2893a8022f59,,standard,
,,RIR,5.0,,,,,f30acb50-26db-48c0-9a63-e65354dda1bc,,,
,,RIR,5.0,,,,,54491c32-9aff-4ac9-9b6d-c6ee525ac880,,,
,,RIR,5.0,,,,,bf57e2be-3823-4f81-86c7-aed8f4e1d5a3,,,
,,RIR,5.0,,,,,b2c29b3e-3cf6-47fb-914e-083d24bc5419,,,
,,RIR,0.0,,,,straight,d36998b2-2d15-4801-94fc-b2ffec8c4cd0,,standard,
,,RIR,3.0,,,,straight,079b776c-b40c-466e-8f42-c09c6b60174a,,standard,
,,RIR,2.0,,,,straight,92759e3d-5ea0-48f2-ac68-8febb26001a5,,standard,
,,RIR,3.0,,,,straight,eabd0a06-1f02-4bd6-a0d6-bb5de0aae273,,standard,
,,RIR,5.0,,,,,54b1d045-e412-46d6-8462-7c0c61b8031f,,,
,,RIR,1.0,,,,straight,627df66c-8824-4479-acc0-d382ab4f5fdc,,standard,
,,RIR,5.0,,,,,b66bac52-68c8-422f-95f3-4b6be56ae50f,,,
,,RIR,5.0,,,,,bed46793-eb3b-4344-a506-fa2fd9f9c00c,,,
,,RIR,2.0,,,,,5036d3da-b96f-4875-8a4e-0f6c56348ae7,,,
,,RIR,2.0,,,,,68e04e7a-30a1-4a19-8045-59e735013ccf,,,
,,RIR,2.0,,,,,60f45ed7-e7bc-49b7-b752-9e2f922094ed,,,
,,RIR,5.0,,,,,8c730718-3dba-4053-a5b6-7d028ff0f6d3,,,
,,RIR,2.0,,,,,bc28eed7-848f-490b-899a-fbed4435885e,,,
,,RIR,2.0,,,,,c6ed9524-4f00-4c7f-b3c8-3c981381c8bc,,,
,,RIR,2.0,,,,straight,bafec842-a261-4bb5-8b75-d7a1e98bf6f4,,standard,
,,RIR,5.0,,,,,eefafcec-3285-4d03-90f7-99490e49d0ee,,,
,,RIR,2.0,,,,straight,347d1871-da2a-4855-a613-0df4f23ac401,,standard,
,,RIR,5.0,,,,,f66b7cae-bfa5-4c73-aa86-e309a0f4f864,,,
,,RIR,3.0,,,,straight,50b2f460-5d6f-4a0f-b974-53e61f4c2df5,,controlled,
,,RIR,3.0,,,,straight,15361b14-b0be-416e-a173-da7d3d47df4c,,controlled,
,,RIR,3.0,,,,straight,0a8db66a-e918-4c5e-8d35-3a2762bc677f,,controlled,
,,RIR,2.0,,,,straight,8079d6d9-eab9-435c-bfa4-10495082e7a1,,controlled,
,,RIR,2.0,,,,straight,7fe5909b-bc1e-45ad-8513-1a5fbf745bcf,,standard,
,1200,RIR,5.0,,,,,5b3a915c-a661-4a0b-8b56-b8f79cfdbce1,,,
,2100,RIR,5.0,,,,straight,3d40e3c2-bc07-4acf-bc7c-4310a0a9e968,,standard,
,900,RIR,5.0,,,,,5e107bab-2ca3-41ed-970d-67ec24956285,,,
,,RIR,2.0,,,,straight,5a8b0205-6071-461e-96cd-a3ed73bde66d,,standard,
,,RIR,2.0,,,,straight,f8f6eee6-bcdc-4e9f-b043-76c54f3dab0d,,standard,
,,RIR,2.0,,,,straight,b288b68c-e888-46e0-93ab-621c01ae2511,,standard,
,,RIR,2.0,,,,straight,0aa4c023-c982-46fc-82bf-2664d369dfd5,,standard,
,,RIR,2.0,,,,straight,37f3afff-1acc-4285-aaea-f38c962c11ec,,standard,
,,RIR,0.0,,,,straight,d05473a3-f20f-44d0-b2f8-e8d3578e6275,,standard,
,,RIR,2.0,,,,straight,e0d29d2a-eb7f-4327-be61-2fd56567d915,,standard,
,,RIR,2.0,,,,straight,3809d8f1-96bf-4038-a950-b9f505ad7ea3,,controlled,
,,RIR,3.0,,,,straight,c365f4dc-5ec8-4c19-aef1-0882b88f9e07,,controlled,
,900,RIR,5.0,,,,,f518f138-5d91-4e30-8fba-2197e3f98afd,,,
,,RIR,2.0,,,,straight,f30ce59e-4ebb-46a0-823d-805ae995edf5,,standard,
,,RIR,2.0,,,,,048be1db-8dac-411d-af83-16a4d78411f6,,,
,,RIR,2.0,,,,straight,eeb3662a-1526-4625-88e7-23bea1176c22,,standard,
,,RIR,2.0,,,,straight,ef2f148d-51e7-482a-bbbf-d7dde4a4ca2a,,standard,
,,RIR,0.0,,,,straight,529bf890-7578-4267-a1a9-b30077a2d492,,standard,
,,RIR,2.0,,,,straight,25f2ec04-d87b-46b0-849d-6758374d9209,,standard,
,,RIR,2.0,,,,straight,71c995d2-06a6-4852-930d-38a3ec3ba480,,controlled,
,,RIR,3.0,,,,straight,e56b5fc5-5da8-4556-8d97-74411b23c1a5,,controlled,
,,RIR,2.0,,,,straight,92d014bc-f787-4274-8151-7fefc86049d5,,standard,
,,RIR,2.0,,,,straight,b30cb92c-f4a0-4b0e-880c-daf04bd4d7fb,,standard,
,,RIR,2.0,,,,straight,1300a4cc-7098-459c-80ed-4663a10b74d4,,standard,
,,RIR,2.0,,,,straight,cf7b2024-8dd1-4058-b652-97382f1524a1,,standard,
,,RIR,1.0,,,,,0de8bafb-9dad-432a-8fa4-f7f9eed055d1,,,
,,RIR,2.0,,,,,21e768a2-1f59-4024-8efc-6bfbff3464b9,,,
,,RIR,2.0,,,,,21f83dcd-3fad-4c73-97f8-55515bd6d452,,,
,,RIR,2.0,,,,,2cb6543c-4f8c-43e8-b940-acdbde01ef17,,,
,,RIR,1.0,,,,,106ffcf6-7636-4eb1-a5fd-5a08099a61b4,,,
,,RIR,2.0,,,,,2e8a4ead-ce53-4d31-93e3-bf2826df1ee3,,,
,,RIR,2.0,,,,,30baafc9-5f36-4a0c-821e-477431df59fb,,,
,,RIR,1.0,,,,,41618ba2-1d65-4a9e-883c-7ccf2fbd0156,,,
,,RIR,1.0,,,,,5ff2bae7-59c4-4b00-8230-c07428ced452,,,
,,RIR,2.0,,,,,6e0fab99-44c1-4d0a-a06b-407e883c3d2e,,,
,,RIR,1.0,,,,,7164e73e-9208-49b2-8bdc-aaeb7865550e,,,
,,RIR,1.0,,,,,8de0cf6b-822d-47da-9fba-7ead06f44d21,,,
,,RIR,2.0,,,,,a0441fde-b349-4c11-a3a8-bb81fefa625f,,,
,,RIR,2.0,,,,,c247ac61-5644-4f8e-8320-fbe22133f1f5,,,
,,RIR,1.0,,,,,c313468f-bf9a-48b3-883a-8ff7d8d710b9,,,
,,RIR,1.0,,,,,d97d0fc9-ad0e-481c-825f-814107761fa8,,,
,,RIR,2.0,,,,,e90741ce-5e78-4f82-9661-3db7642056e6,,,
,,RIR,1.0,,,,,f733eea9-12af-4fbc-be6f-32354392a568,,,
,,RIR,1.0,,,,straight,99f56789-60de-40dc-b21f-8ab051989f99,,standard,
,,RIR,2.0,,,,straight,059c4520-1a9f-4403-9ec4-7ca403f1cf01,,,
,,RIR,2.0,,,,straight,0ffa22b9-39d5-4cd4-b1bb-eb7683dd2a84,,,
,,RIR,2.0,,,,straight,047ad32a-82c8-464b-a9f0-f3d4a9ae8231,,,
,,RIR,2.0,,,,straight,bc866666-74b9-4b59-9cf3-d22db5a41081,,,
,,RIR,1.0,,,,straight,541c0782-b483-43d2-b174-d4d654d8ec80,,,
,,RIR,2.0,,,,straight,5d28d54e-9850-41a0-b112-55bd4e667de3,,,
,,RIR,2.0,,,,straight,b3489bb0-68e8-4bcb-9f1f-a48925ea2fa4,,,
,,RIR,2.0,,,,straight,8417a99d-42fc-45bd-8817-31e5c8c62389,,,
,,RIR,2.0,,,,straight,3c8cb49d-1c97-47a5-ad72-7a9cc58c0b15,,,
,,RIR,2.0,,,,straight,d8b5dccd-8bb2-40dc-a97f-4504feeabc0f,,,
,,RIR,2.0,,,,straight,5210771a-101e-4029-977c-e1bf8280ddb5,,,
,,RIR,1.0,,,,straight,9ab73006-7fa8-4592-a348-476fe6fa0249,,,
,,RIR,1.0,,,,straight,9be85fc4-df6f-49ee-b5b7-a62564b76bc6,,,
,,RIR,2.0,,,,straight,13501e31-f888-4af0-82d2-36a98535a255,,,
,,RIR,2.0,,,,straight,4e251075-134f-4980-8ef0-fb9eebcc080d,,,
,,RIR,2.0,,,,straight,8a120bd3-98ec-44eb-a23e-58e52bd034bf,,,
,,RIR,2.0,,,,straight,e859eadb-e134-4cb2-ab4c-4193f1643dc0,,,
,,RIR,2.0,,,,straight,b3dcbb58-2439-4c52-b936-1e37bb0dd721,,,
,,RIR,8.0,,,,straight,85bd1e9c-8530-4b85-b3c7-43ee7eebb7a8,,,
,,RIR,2.0,,,,straight,869584a0-6d5c-436f-8fc4-8576573fdf99,,standard,
,,RIR,5.0,,,,straight,f3a96387-08b6-46aa-b2ca-b0103f3408ee,,,
,,RIR,4.0,,,,straight,319f7cb5-f43a-48ec-ad53-8557d4e06132,,,
,,RIR,2.0,,,,straight,df8b2a4d-10c3-46d5-9681-1cb8c9336f06,,,
,,RIR,2.0,,,,straight,45fb065e-c7fc-4799-bb98-a23b91ff7e41,,,
,,RIR,3.0,,,,straight,ae339cb6-773c-4da1-8fbc-f09707b8dcc0,,,
,,RIR,2.0,,,,straight,41408bd7-2845-4ee2-bbf7-54bfdb922c6f,,,
,,RIR,9.0,,,,straight,20e9a8b0-d7b7-4e7e-90e0-4ba560dc3d67,,,
,,RIR,9.0,,,,straight,24c0b056-596c-43ca-b044-c6121b462cdf,,,
,,RIR,6.0,,,,straight,cc99b56b-19b0-4dcd-a362-024ccd838cc6,,,
,,RIR,6.0,,,,straight,716b49ca-b3fb-46a5-b670-6ee244931602,,,
,,RIR,2.0,,,,straight,4a052291-5296-4a15-9936-903b88657ce0,,,
,,RIR,2.0,,,,straight,7d245c89-dcd2-453a-97ce-3aafd7b7947c,,,
,,RIR,2.0,,,,straight,f0ea5cd5-4fa0-45e3-8192-e761243c5b94,,,
,,RIR,2.0,,,,straight,b8f5e32c-33d8-431a-b555-bede293a16d8,,,
,,RIR,3.0,,,,straight,648650c7-1826-437b-83c5-a0660e829e5d,,,
,,RIR,3.0,,,,straight,c25d248e-bf39-4ca1-8b56-3d143244f363,,,
,,RIR,7.0,,,,straight,ca61c9c6-e75a-4d8e-b5e5-e6c891d8fded,,,
,,RIR,9.0,,,,straight,679128d0-91d8-4e2b-9497-3cd0c519e077,,,
,,RIR,2.0,,,,straight,0a7f875f-d985-414a-96de-457957e9da6b,,standard,
,,RIR,9.0,,,,straight,57ff850d-f315-41f2-a87f-bf5ed2cde2af,,,
,,RIR,4.0,,,,straight,88106c23-2f49-4bff-a13a-7bb9a327a147,,,
,,RIR,3.0,,,,straight,f0426cd0-f055-45e9-8e51-34e85da5608d,,,
,,RIR,7.0,,,,straight,12a766bd-1af8-4c4b-895b-e5b58c8fcf32,,,
,,RIR,7.0,,,,straight,349a89f9-2439-4f3e-9b15-135b14c42861,,,
,,RIR,9.0,,,,straight,5ba8463c-c7d9-4145-9280-b3f27c83eb1a,,,
,,RIR,2.0,,,,straight,768e7d18-0b2b-4962-b95a-e9afa457bdab,,,
,,RIR,2.0,,,,straight,7b2d21f5-2495-4c4b-8a05-7f16bd1fa6a6,,,
,,RIR,7.0,,,,straight,839f38e9-1d53-4d08-8327-ba588799d21c,,,
,,RIR,9.0,,,,straight,d68a74ec-484d-48df-a82b-e19d3e96863e,,,
,,RIR,9.0,,,,straight,990932a5-bae2-4ee6-8cac-0c6b74d46357,,,
,,RIR,3.0,,,,straight,cc5ca1b8-6e6f-4186-bc79-ded4d33755c5,,,
,,RIR,2.0,,,,straight,d693cb11-9548-4375-98e4-00352908e3a4,,,
,,RIR,2.0,,,,straight,395fc66a-877f-4efa-b334-cb20bc0a1b82,,,
,,RIR,2.0,,,,straight,8fd53afe-cce3-464b-b871-dd18e4e50748,,,
,,RIR,9.0,,,,straight,07159af1-4669-49a7-87bf-e10cdbb128be,,,
,,RIR,0.0,,,,straight,668257a9-c09f-4c89-802d-7debd85e67c2,,standard,
,,RIR,1.0,,,,straight,9e8d9c6b-4d3f-4192-bd0e-178aa871f7f5,,,
,,RIR,2.0,,,,straight,d5198040-711d-40b2-b8ae-74dcb8a3e20a,,,
,,RIR,2.0,,,,straight,fe839edf-6a92-4c4b-9a2b-68e20508ea0e,,,
,,RIR,2.0,,,,straight,a190a064-788b-49fd-9cd7-6e81dcbf89f5,,standard,
,,RIR,3.0,,,,straight,f0032456-74e0-42f5-b4bf-8405222316df,,controlled,
,,RIR,3.0,,,,straight,7d91dfbd-200a-4ac7-83dc-8bec06c14a68,,controlled,
,,RIR,2.0,,,,straight,e7e516b2-b7e2-450a-8eb1-0b4e8b98d672,,controlled,
,,RIR,2.0,,,,straight,5aecc07d-d5b4-45e1-8dec-9ef6775a95f5,,controlled,
,900,RIR,5.0,,,,,fc4c724d-deea-492d-abc7-020d56895328,,,
,,RIR,2.0,,,,straight,7723078e-729a-43ba-b218-a18b3e839a17,,standard,
,900,RIR,5.0,,,,,512f3458-191a-4c00-bb62-e2f830941106,,,
,,RIR,2.0,,,,straight,b6090430-6719-489f-9995-dab6ba3f5376,,standard,
,,RIR,2.0,,,,straight,8b2115d5-65dd-44e4-a684-9173e40f958d,,standard,
,,RIR,2.0,,,,straight,e7a0fe51-2c84-4a43-a73b-c0df54e83ea2,,standard,
,,RIR,0.0,,,,straight,bdcf3b70-3b48-47dd-8dc4-6201168ac937,,standard,
,,RIR,2.0,,,,straight,3bac2f2e-87d1-412a-9ac8-cf281559021b,,standard,
,2100,RIR,5.0,,,,straight,35fe124e-747c-4b55-bd1f-cd0af32876e9,,standard,
,,RIR,2.0,,,,straight,371dc401-a6f1-4ce5-9ead-77d30be5a5bc,,standard,
,,RIR,0.0,,,,straight,57543cad-1cb7-4189-bc03-67e4e0d97b9a,,standard,
,,RIR,2.0,,,,straight,a0e55fc7-33b1-484b-8474-e5e5a8979104,,standard,
,,RIR,2.0,,,,straight,85ca8b32-adec-42f8-9b85-549aedf661e4,,standard,
,,RIR,3.0,,,,straight,e579357f-43cc-4b88-94f1-b843c475844c,,controlled,
,,RIR,2.0,,,,straight,4d9f9ce7-ae12-47d9-9f6d-806cebe84244,,controlled,
,,RIR,2.0,,,,straight,95ef80f0-d5ec-4437-bf24-137a73459f6e,,standard,
,,RIR,2.0,,,,straight,c838c4f0-20bc-4ee8-bac8-7c8c426bad56,,standard,
,,RIR,2.0,,,,straight,274bf845-3e5b-4f9a-954e-50a0b44fda3a,,standard,
,,RIR,3.0,,,,straight,a1b0f3f5-b8a9-4f0c-8bd6-b3978e3e4b93,,controlled,
,,RIR,2.0,,,,straight,2e5c018e-f457-45bb-9261-f609a9d7ef0b,,standard,
,,RIR,2.0,,,,straight,2d680d56-7441-4fc5-aef9-7b72fd5897c3,,standard,
,,RIR,3.0,,,,straight,60d28cbe-3525-48d9-9dfb-33772559629c,,controlled,
,1200,RIR,5.0,,,,,cbb2422d-925b-4926-baca-9f805b68219a,,,
